{"lr": 0.00997794446709763, "data_time": 0.17884631156921388, "loss": 0.1141608609817922, "decode.loss_ce": 0.08151365974918008, "decode.acc_seg": 98.7212142944336, "aux.loss_ce": 0.03264720544684678, "aux.acc_seg": 98.7212142944336, "time": 0.3121340751647949, "step": 100}
{"lr": 0.009955660594668054, "data_time": 0.2219994068145752, "loss": 0.04291785140521824, "decode.loss_ce": 0.029595032776705922, "decode.acc_seg": 99.96829986572266, "aux.loss_ce": 0.01332281909417361, "aux.acc_seg": 99.96829986572266, "time": 0.3558343887329102, "step": 200}
{"lr": 0.009933371122565919, "data_time": 0.0054053783416748045, "loss": 0.053483065031468865, "decode.loss_ce": 0.03800406437367201, "decode.acc_seg": 99.65522003173828, "aux.loss_ce": 0.01547900033183396, "aux.acc_seg": 99.8283920288086, "time": 0.14032952785491942, "step": 300}
{"lr": 0.009911076035273796, "data_time": 0.00550076961517334, "loss": 0.048570139054209, "decode.loss_ce": 0.034905910538509485, "decode.acc_seg": 91.33174133300781, "aux.loss_ce": 0.013664229377172887, "aux.acc_seg": 89.55513763427734, "time": 0.14008169174194335, "step": 400}
{"aAcc": 98.68, "mIoU": 65.14, "mAcc": 66.07, "step": 400}
{"lr": 0.0098887753171919, "data_time": 0.005167412757873535, "loss": 0.03489973340183496, "decode.loss_ce": 0.02448721891269088, "decode.acc_seg": 99.51685333251953, "aux.loss_ce": 0.010412514652125537, "aux.acc_seg": 100.0, "time": 0.13905603885650636, "step": 500}
{"lr": 0.009866468952637547, "data_time": 0.004607152938842773, "loss": 0.019880242133513092, "decode.loss_ce": 0.012765012960880995, "decode.acc_seg": 99.95990753173828, "aux.loss_ce": 0.007115229056216777, "aux.acc_seg": 100.0, "time": 0.13847150802612304, "step": 600}
{"lr": 0.009844156925844432, "data_time": 0.004930639266967773, "loss": 0.024115100875496863, "decode.loss_ce": 0.015577797032892703, "decode.acc_seg": 98.76869201660156, "aux.loss_ce": 0.008537303656339645, "aux.acc_seg": 96.21226501464844, "time": 0.13859093189239502, "step": 700}
{"lr": 0.009821839220962003, "data_time": 0.004602599143981934, "loss": 0.020734095107764007, "decode.loss_ce": 0.014077102951705455, "decode.acc_seg": 99.8368911743164, "aux.loss_ce": 0.006656991969794035, "aux.acc_seg": 99.90034484863281, "time": 0.13993289470672607, "step": 800}
{"aAcc": 99.16, "mIoU": 81.01, "mAcc": 87.4, "step": 800}
